what,kind,bundleId,bundleVersion,description,time
started,bundle,org.eclipse.jsch.core,1.1.300.I20110514-0800,"org.eclipse.jsch.core",1428396398501
started,bundle,org.eclipse.jst.common.project.facet.core,1.4.200.v201103170302,"org.eclipse.jst.common.project.facet.core",1428396398502
started,bundle,org.eclipse.jst.ws.jaxrs.core,1.0.300.v201011231608,"org.eclipse.jst.ws.jaxrs.core",1428396398503
started,bundle,org.eclipse.jst.ws.jaxws.utils,1.0.0.v201004171919,"org.eclipse.jst.ws.jaxws.utils",1428396398503
started,bundle,org.eclipse.ltk.core.refactoring,3.5.200.v20110505-0800,"org.eclipse.ltk.core.refactoring",1428396398505
started,bundle,org.eclipse.ltk.ui.refactoring,3.6.0.v20110505-0800,"org.eclipse.ltk.ui.refactoring",1428396398506
started,bundle,org.eclipse.mylyn.bugzilla.core,3.6.0.v20110608-1400,"org.eclipse.mylyn.bugzilla.core",1428396398508
started,bundle,org.eclipse.mylyn.bugzilla.ui,3.6.0.v20110608-1400,"org.eclipse.mylyn.bugzilla.ui",1428396398511
started,bundle,org.eclipse.mylyn.commons.identity,0.8.0.v20110608-1400,"org.eclipse.mylyn.commons.identity",1428396398513
started,bundle,org.eclipse.mylyn.commons.net,3.6.0.v20110608-1400,"org.eclipse.mylyn.commons.net",1428396398513
started,bundle,org.eclipse.mylyn.commons.ui,3.6.0.v20110608-1400,"org.eclipse.mylyn.commons.ui",1428396398515
started,bundle,org.eclipse.mylyn.context.core,3.6.0.v20110608-1400,"org.eclipse.mylyn.context.core",1428396398518
started,bundle,org.eclipse.mylyn.context.ui,3.6.0.v20110608-1400,"org.eclipse.mylyn.context.ui",1428396398519
started,bundle,org.eclipse.mylyn.monitor.ui,3.6.0.v20110608-1400,"org.eclipse.mylyn.monitor.ui",1428396398520
started,bundle,org.eclipse.mylyn.tasks.ui,3.6.0.v20110608-1400,"org.eclipse.mylyn.tasks.ui",1428396398521
started,bundle,org.eclipse.mylyn.team.ui,3.6.0.v20110608-1400,"org.eclipse.mylyn.team.ui",1428396398522
started,bundle,org.eclipse.search,3.7.0.v20110505-0800,"org.eclipse.search",1428396398524
started,bundle,org.eclipse.team.core,3.6.0.I20110525-0800,"org.eclipse.team.core",1428396398524
started,bundle,org.eclipse.team.cvs.core,3.3.400.I20110510-0800,"org.eclipse.team.cvs.core",1428396398525
started,bundle,org.eclipse.team.cvs.ui,3.3.400.I20110510-0800,"org.eclipse.team.cvs.ui",1428396398526
started,bundle,org.eclipse.team.ui,3.6.100.I20110525-0800,"org.eclipse.team.ui",1428396398527
started,bundle,org.eclipse.ui,3.7.0.I20110602-0100,"org.eclipse.ui",1428396398529
started,bundle,org.eclipse.ui.console,3.5.100.v20110511,"org.eclipse.ui.console",1428396398530
started,bundle,org.eclipse.ui.editors,3.7.0.v20110517-0800,"org.eclipse.ui.editors",1428396398530
started,bundle,org.eclipse.ui.forms,3.5.100.v20110425,"org.eclipse.ui.forms",1428396398531
started,bundle,org.eclipse.ui.ide,3.7.0.I20110519-0100,"org.eclipse.ui.ide",1428396398533
started,bundle,org.eclipse.ui.net,1.2.100.I20110511-0800,"org.eclipse.ui.net",1428396398534
started,bundle,org.eclipse.ui.views,3.6.0.I20110412-0800,"org.eclipse.ui.views",1428396398535
started,bundle,org.eclipse.ui.workbench,3.7.0.I20110519-0100,"org.eclipse.ui.workbench",1428396398536
started,bundle,org.eclipse.ui.workbench.texteditor,3.7.0.v20110505-0800,"org.eclipse.ui.workbench.texteditor",1428396398538
started,bundle,org.eclipse.update.configurator,3.3.100.v20100512,"org.eclipse.update.configurator",1428396398540
started,bundle,org.eclipse.update.core,3.2.500.v20110330,"org.eclipse.update.core",1428396398545
started,bundle,org.eclipse.update.scheduler,3.2.300.v20100512,"org.eclipse.update.scheduler",1428396398548
started,bundle,org.eclipse.wst.common.project.facet.core,1.4.200.v201103170332,"org.eclipse.wst.common.project.facet.core",1428396398551
started,bundle,org.eclipse.wst.web,1.1.500.v201104251400,"org.eclipse.wst.web",1428396398552
os,sysinfo,,,"linux",1428396398558
arch,sysinfo,,,"x86_64",1428396398558
ws,sysinfo,,,"gtk",1428396398558
locale,sysinfo,,,"en_US",1428396398558
processors,sysinfo,,,"4",1428396398558
java.runtime.name,sysinfo,,,"OpenJDK Runtime Environment",1428396398558
java.runtime.version,sysinfo,,,"1.7.0_75-mockbuild_2015_01_21_08_43-b00",1428396398558
java.specification.name,sysinfo,,,"Java Platform API Specification",1428396398558
java.specification.vendor,sysinfo,,,"Oracle Corporation",1428396398558
java.specification.version,sysinfo,,,"1.7",1428396398558
java.vendor,sysinfo,,,"Oracle Corporation",1428396398558
java.version,sysinfo,,,"1.7.0_75",1428396398558
java.vm.info,sysinfo,,,"mixed mode",1428396398558
java.vm.name,sysinfo,,,"OpenJDK 64-Bit Server VM",1428396398558
java.vm.specification.name,sysinfo,,,"Java Virtual Machine Specification",1428396398558
java.vm.specification.vendor,sysinfo,,,"Oracle Corporation",1428396398558
java.vm.specification.version,sysinfo,,,"1.7",1428396398558
java.vm.vendor,sysinfo,,,"Oracle Corporation",1428396398558
java.vm.version,sysinfo,,,"24.75-b04",1428396398558
opened,view,org.eclipse.ui.ide,3.7.0.I20110519-0100,"org.eclipse.ui.views.ProblemView",1428396400365
started,bundle,org.eclipse.pde.launching,3.6.0.v20110506,"org.eclipse.pde.launching",1428396402253
started,bundle,org.eclipse.ui.views.log,1.0.200.v20110404,"org.eclipse.ui.views.log",1428396402255
started,bundle,org.eclipse.pde.ui,3.6.100.v20110603,"org.eclipse.pde.ui",1428396402257
opened,view,org.eclipse.jdt.ui,3.7.0.v20110531-1200,"org.eclipse.jdt.ui.PackageExplorer",1428396402311
activated,view,org.eclipse.jdt.ui,3.7.0.v20110531-1200,"org.eclipse.jdt.ui.PackageExplorer",1428396402351
started,bundle,org.eclipse.compare,3.5.200.I20110525-0800,"org.eclipse.compare",1428396404810
deactivated,workbench,org.eclipse.ui.workbench,3.7.0.I20110519-0100,"",1428396408652
activated,workbench,org.eclipse.ui.workbench,3.7.0.I20110519-0100,"",1428396419429
opened,editor,org.eclipse.jdt.ui,3.7.0.v20110531-1200,"org.eclipse.jdt.ui.CompilationUnitEditor",1428396419671
activated,editor,org.eclipse.jdt.ui,3.7.0.v20110531-1200,"org.eclipse.jdt.ui.CompilationUnitEditor",1428396419731
deactivated,workbench,org.eclipse.ui.workbench,3.7.0.I20110519-0100,"",1428396420759
activated,workbench,org.eclipse.ui.workbench,3.7.0.I20110519-0100,"",1428396423624
executed,command,org.eclipse.ui,3.7.0.I20110602-0100,"org.eclipse.ui.edit.paste",1428396425547
started,bundle,org.eclipse.jdt.junit,3.7.0.v20110505-0800,"org.eclipse.jdt.junit",1428396427225
executed,command,org.eclipse.ui,3.7.0.I20110602-0100,"org.eclipse.ui.file.save",1428396449299
executed,command,org.eclipse.ui,3.7.0.I20110602-0100,"org.eclipse.ui.edit.delete",1428396454674
executed,command,org.eclipse.ui,3.7.0.I20110602-0100,"org.eclipse.ui.edit.delete",1428396454853
executed,command,org.eclipse.ui,3.7.0.I20110602-0100,"org.eclipse.ui.edit.delete",1428396455006
executed,command,org.eclipse.ui,3.7.0.I20110602-0100,"org.eclipse.ui.edit.delete",1428396462065
executed,command,org.eclipse.ui,3.7.0.I20110602-0100,"org.eclipse.ui.file.save",1428396483851
executed,command,org.eclipse.ui,3.7.0.I20110602-0100,"org.eclipse.ui.file.save",1428396499990
started,bundle,org.eclipse.mylyn.ide.ui,3.6.0.v20110608-1400,"org.eclipse.mylyn.ide.ui",1428396519372
started,bundle,org.eclipse.jpt.jaxb.ui,1.1.0.v201105180000,"org.eclipse.jpt.jaxb.ui",1428396519380
started,bundle,org.eclipse.jpt.jpa.ui,3.0.0.v201105170000,"org.eclipse.jpt.jpa.ui",1428396519387
started,bundle,org.eclipse.jpt.common.core,1.0.0.v201105180000,"org.eclipse.jpt.common.core",1428396519391
started,bundle,org.eclipse.jpt.jpa.core,3.0.0.v201105250001,"org.eclipse.jpt.jpa.core",1428396519394
started,bundle,org.eclipse.jst.ws.jaxws.ui,1.0.100.v201104032053,"org.eclipse.jst.ws.jaxws.ui",1428396519405
started,bundle,org.eclipse.mylyn.java.ui,3.6.0.v20110608-1400,"org.eclipse.mylyn.java.ui",1428396519408
started,bundle,org.eclipse.pde.api.tools,1.0.300.v20110523-1600,"org.eclipse.pde.api.tools",1428396519437
started,bundle,org.eclipse.pde.api.tools.ui,1.0.300.v20110523-1600,"org.eclipse.pde.api.tools.ui",1428396519439
started,bundle,org.eclipse.jpt.jaxb.core,1.0.0.v201105240000,"org.eclipse.jpt.jaxb.core",1428396519628
executed,command,org.eclipse.ui,3.7.0.I20110602-0100,"org.eclipse.ui.file.save",1428396525903
executed,command,org.eclipse.ui.workbench.texteditor,3.7.0.v20110505-0800,"org.eclipse.ui.edit.text.goto.lineEnd",1428396560331
deactivated,workbench,org.eclipse.ui.workbench,3.7.0.I20110519-0100,"",1428396585293
activated,workbench,org.eclipse.ui.workbench,3.7.0.I20110519-0100,"",1428396597004
executed,command,org.eclipse.ui,3.7.0.I20110602-0100,"org.eclipse.ui.file.save",1428396604940
executed,command,org.eclipse.ui,3.7.0.I20110602-0100,"org.eclipse.ui.file.save",1428396708502
executed,command,org.eclipse.ui.workbench.texteditor,3.7.0.v20110505-0800,"org.eclipse.ui.edit.text.goto.lineEnd",1428396714391
executed,command,org.eclipse.ui,3.7.0.I20110602-0100,"org.eclipse.ui.file.save",1428396716545
executed,command,org.eclipse.jdt.ui,3.7.0.v20110531-1200,"org.eclipse.jdt.ui.edit.text.java.format",1428396717128
executed,command,org.eclipse.ui,3.7.0.I20110602-0100,"org.eclipse.ui.file.save",1428396718038
executed,command,org.eclipse.ui,3.7.0.I20110602-0100,"org.eclipse.ui.edit.copy",1428396807671
executed,command,org.eclipse.ui,3.7.0.I20110602-0100,"org.eclipse.ui.edit.paste",1428396808314
started,bundle,org.eclipse.mylyn.java.tasks,3.6.0.v20110608-1400,"org.eclipse.mylyn.java.tasks",1428396808373
executed,command,org.eclipse.ui,3.7.0.I20110602-0100,"org.eclipse.ui.file.save",1428396814605
executed,command,org.eclipse.ui.workbench.texteditor,3.7.0.v20110505-0800,"org.eclipse.ui.edit.text.goto.lineEnd",1428396817155
executed,command,org.eclipse.ui,3.7.0.I20110602-0100,"org.eclipse.ui.file.save",1428396822940
executed,command,org.eclipse.ui,3.7.0.I20110602-0100,"org.eclipse.ui.file.save",1428396834688
executed,command,org.eclipse.ui,3.7.0.I20110602-0100,"org.eclipse.ui.edit.copy",1428396842382
executed,command,org.eclipse.ui,3.7.0.I20110602-0100,"org.eclipse.ui.edit.paste",1428396844159
executed,command,org.eclipse.ui,3.7.0.I20110602-0100,"org.eclipse.ui.file.save",1428396844426
executed,command,org.eclipse.ui,3.7.0.I20110602-0100,"org.eclipse.ui.edit.copy",1428396852990
executed,command,org.eclipse.ui,3.7.0.I20110602-0100,"org.eclipse.ui.edit.paste",1428396853833
executed,command,org.eclipse.ui,3.7.0.I20110602-0100,"org.eclipse.ui.file.save",1428396854287
executed,command,org.eclipse.ui,3.7.0.I20110602-0100,"org.eclipse.ui.file.save",1428396858885
executed,command,org.eclipse.ui,3.7.0.I20110602-0100,"org.eclipse.ui.file.save",1428396960154
executed,command,org.eclipse.ui,3.7.0.I20110602-0100,"org.eclipse.ui.file.save",1428396970340
executed,command,org.eclipse.ui,3.7.0.I20110602-0100,"org.eclipse.ui.file.save",1428396980644
executed,command,org.eclipse.ui,3.7.0.I20110602-0100,"org.eclipse.ui.file.save",1428396996237
executed,command,org.eclipse.ui,3.7.0.I20110602-0100,"org.eclipse.ui.file.save",1428397004417
executed,command,org.eclipse.ui,3.7.0.I20110602-0100,"org.eclipse.ui.file.save",1428397103633
executed,command,org.eclipse.ui.workbench.texteditor,3.7.0.v20110505-0800,"org.eclipse.ui.edit.text.select.lineEnd",1428397115392
executed,command,org.eclipse.ui,3.7.0.I20110602-0100,"org.eclipse.ui.file.save",1428397117986
executed,command,org.eclipse.ui,3.7.0.I20110602-0100,"org.eclipse.ui.edit.copy",1428397170714
executed,command,org.eclipse.ui,3.7.0.I20110602-0100,"org.eclipse.ui.edit.paste",1428397171856
executed,command,org.eclipse.ui,3.7.0.I20110602-0100,"org.eclipse.ui.file.save",1428397173859
executed,command,org.eclipse.ui,3.7.0.I20110602-0100,"org.eclipse.ui.file.save",1428397177471
executed,command,org.eclipse.ui,3.7.0.I20110602-0100,"org.eclipse.ui.edit.copy",1428397196230
executed,command,org.eclipse.ui,3.7.0.I20110602-0100,"org.eclipse.ui.edit.paste",1428397198964
executed,command,org.eclipse.ui,3.7.0.I20110602-0100,"org.eclipse.ui.file.save",1428397200048
executed,command,org.eclipse.ui,3.7.0.I20110602-0100,"org.eclipse.ui.edit.undo",1428397204741
executed,command,org.eclipse.ui,3.7.0.I20110602-0100,"org.eclipse.ui.file.save",1428397205272
executed,command,org.eclipse.ui,3.7.0.I20110602-0100,"org.eclipse.ui.edit.copy",1428397209941
executed,command,org.eclipse.ui,3.7.0.I20110602-0100,"org.eclipse.ui.edit.copy",1428397493575
deactivated,workbench,org.eclipse.ui.workbench,3.7.0.I20110519-0100,"",1428397497434
activated,workbench,org.eclipse.ui.workbench,3.7.0.I20110519-0100,"",1428397527129
executed,command,org.eclipse.ui,3.7.0.I20110602-0100,"org.eclipse.ui.edit.copy",1428397539282
executed,command,org.eclipse.ui,3.7.0.I20110602-0100,"org.eclipse.ui.edit.paste",1428397541308
executed,command,org.eclipse.ui,3.7.0.I20110602-0100,"org.eclipse.ui.edit.paste",1428397544849
executed,command,org.eclipse.ui,3.7.0.I20110602-0100,"org.eclipse.ui.file.save",1428397546119
executed,command,org.eclipse.ui,3.7.0.I20110602-0100,"org.eclipse.ui.file.save",1428397555050
deactivated,workbench,org.eclipse.ui.workbench,3.7.0.I20110519-0100,"",1428397558366
no handler,command,org.eclipse.jdt.debug.ui,,"org.eclipse.jdt.debug.ui.localJavaShortcut.run",1428397558772
activated,workbench,org.eclipse.ui.workbench,3.7.0.I20110519-0100,"",1428397558780
deactivated,workbench,org.eclipse.ui.workbench,3.7.0.I20110519-0100,"",1428397558782
activated,workbench,org.eclipse.ui.workbench,3.7.0.I20110519-0100,"",1428397558784
deactivated,workbench,org.eclipse.ui.workbench,3.7.0.I20110519-0100,"",1428397558813
activated,workbench,org.eclipse.ui.workbench,3.7.0.I20110519-0100,"",1428397561424
deactivated,workbench,org.eclipse.ui.workbench,3.7.0.I20110519-0100,"",1428397564491
activated,workbench,org.eclipse.ui.workbench,3.7.0.I20110519-0100,"",1428397573603
executed,command,org.eclipse.ui.workbench.texteditor,3.7.0.v20110505-0800,"org.eclipse.ui.edit.text.goto.lineEnd",1428397581915
executed,command,org.eclipse.ui,3.7.0.I20110602-0100,"org.eclipse.ui.file.save",1428397583731
deactivated,workbench,org.eclipse.ui.workbench,3.7.0.I20110519-0100,"",1428397585209
no handler,command,org.eclipse.jdt.debug.ui,,"org.eclipse.jdt.debug.ui.localJavaShortcut.run",1428397585615
activated,workbench,org.eclipse.ui.workbench,3.7.0.I20110519-0100,"",1428397585622
deactivated,workbench,org.eclipse.ui.workbench,3.7.0.I20110519-0100,"",1428397585624
activated,workbench,org.eclipse.ui.workbench,3.7.0.I20110519-0100,"",1428397585626
deactivated,workbench,org.eclipse.ui.workbench,3.7.0.I20110519-0100,"",1428397585649
activated,workbench,org.eclipse.ui.workbench,3.7.0.I20110519-0100,"",1428397589677
started,bundle,org.eclipse.debug.ui,3.7.0.v20110518,"org.eclipse.debug.ui",1428397591486
started,bundle,org.eclipse.jdt.debug,3.7.0.v20110509,"org.eclipse.jdt.debug",1428397591581
started,bundle,org.eclipse.jdt.debug.ui,3.6.0.v20110512,"org.eclipse.jdt.debug.ui",1428397591640
executed,command,org.eclipse.jdt.debug.ui,3.6.0.v20110512,"org.eclipse.jdt.debug.ui.localJavaShortcut.run",1428397594094
deactivated,workbench,org.eclipse.ui.workbench,3.7.0.I20110519-0100,"",1428397596865
activated,view,org.eclipse.ui.console,3.5.100.v20110511,"org.eclipse.ui.console.ConsoleView",1428397596888
activated,workbench,org.eclipse.ui.workbench,3.7.0.I20110519-0100,"",1428397600501
activated,editor,org.eclipse.jdt.ui,3.7.0.v20110531-1200,"org.eclipse.jdt.ui.CompilationUnitEditor",1428397600540
deactivated,workbench,org.eclipse.ui.workbench,3.7.0.I20110519-0100,"",1428397612430
activated,view,org.eclipse.ui.console,3.5.100.v20110511,"org.eclipse.ui.console.ConsoleView",1428397612448
activated,workbench,org.eclipse.ui.workbench,3.7.0.I20110519-0100,"",1428397618498
activated,editor,org.eclipse.jdt.ui,3.7.0.v20110531-1200,"org.eclipse.jdt.ui.CompilationUnitEditor",1428397618529
executed,command,org.eclipse.ui,3.7.0.I20110602-0100,"org.eclipse.ui.file.save",1428397636471
deactivated,workbench,org.eclipse.ui.workbench,3.7.0.I20110519-0100,"",1428397642233
activated,workbench,org.eclipse.ui.workbench,3.7.0.I20110519-0100,"",1428397642579
executed,command,org.eclipse.jdt.debug.ui,3.6.0.v20110512,"org.eclipse.jdt.debug.ui.localJavaShortcut.run",1428397642616
deactivated,workbench,org.eclipse.ui.workbench,3.7.0.I20110519-0100,"",1428397646003
activated,view,org.eclipse.ui.console,3.5.100.v20110511,"org.eclipse.ui.console.ConsoleView",1428397646031
activated,workbench,org.eclipse.ui.workbench,3.7.0.I20110519-0100,"",1428397654754
activated,editor,org.eclipse.jdt.ui,3.7.0.v20110531-1200,"org.eclipse.jdt.ui.CompilationUnitEditor",1428397654795
executed,command,org.eclipse.ui,3.7.0.I20110602-0100,"org.eclipse.ui.file.save",1428397703478
executed,command,org.eclipse.ui,3.7.0.I20110602-0100,"org.eclipse.ui.edit.undo",1428397704739
executed,command,org.eclipse.ui,3.7.0.I20110602-0100,"org.eclipse.ui.edit.undo",1428397705370
executed,command,org.eclipse.ui,3.7.0.I20110602-0100,"org.eclipse.ui.edit.undo",1428397705478
executed,command,org.eclipse.ui,3.7.0.I20110602-0100,"org.eclipse.ui.file.save",1428397707319
executed,command,,,"AUTOGEN:::org.eclipse.jdt.internal.ui.CompilationUnitEditor.ruler.actions/org.eclipse.jdt.internal.ui.javaeditor.JavaSelectRulerAction",1428397709544
executed,command,,,"AUTOGEN:::org.eclipse.jdt.debug.CompilationUnitEditor.BreakpointRulerActions/org.eclipse.jdt.debug.ui.actions.ManageBreakpointRulerAction",1428397709853
started,bundle,org.eclipse.wst.server.core,1.1.302.v20110518,"org.eclipse.wst.server.core",1428397710643
started,bundle,org.eclipse.wst.server.ui,1.1.305.v20110511,"org.eclipse.wst.server.ui",1428397710657
started,bundle,org.eclipse.wst.jsdt.debug.rhino.ui,1.0.0.v201103232243,"org.eclipse.wst.jsdt.debug.rhino.ui",1428397710688
started,bundle,org.eclipse.wst.jsdt.core,1.1.100.v201104272153,"org.eclipse.wst.jsdt.core",1428397710765
deactivated,workbench,org.eclipse.ui.workbench,3.7.0.I20110519-0100,"",1428397711728
started,bundle,org.eclipse.wst.common.frameworks,1.2.100.v201105122000,"org.eclipse.wst.common.frameworks",1428397712086
started,bundle,org.eclipse.wst.common.emf,1.2.100.v201101101900,"org.eclipse.wst.common.emf",1428397712092
started,bundle,org.eclipse.jem.util,2.1.100.v201103021400,"org.eclipse.jem.util",1428397712103
started,bundle,org.eclipse.wst.common.emfworkbench.integration,1.2.100.v201011172300,"org.eclipse.wst.common.emfworkbench.integration",1428397712107
started,bundle,org.eclipse.wst.common.core,1.2.0.v200908252030,"org.eclipse.wst.common.core",1428397712130
started,bundle,org.eclipse.wst.common.modulecore,1.2.100.v201105191800,"org.eclipse.wst.common.modulecore",1428397712135
opened,view,org.eclipse.debug.ui,3.7.0.v20110518,"org.eclipse.debug.ui.DebugView",1428397713743
opened,view,org.eclipse.debug.ui,3.7.0.v20110518,"org.eclipse.debug.ui.ExpressionView",1428397713850
activated,perspective,org.eclipse.debug.ui,3.7.0.v20110518,"org.eclipse.debug.ui.DebugPerspective",1428397713915
activated,workbench,org.eclipse.ui.workbench,3.7.0.I20110519-0100,"",1428397713946
opened,view,org.eclipse.debug.ui,3.7.0.v20110518,"org.eclipse.debug.ui.VariableView",1428397714574
opened,view,org.eclipse.debug.ui,3.7.0.v20110518,"org.eclipse.debug.ui.BreakpointView",1428397714644
deactivated,workbench,org.eclipse.ui.workbench,3.7.0.I20110519-0100,"",1428397718501
activated,workbench,org.eclipse.ui.workbench,3.7.0.I20110519-0100,"",1428397725204
activated,view,org.eclipse.debug.ui,3.7.0.v20110518,"org.eclipse.debug.ui.BreakpointView",1428397726408
activated,view,org.eclipse.debug.ui,3.7.0.v20110518,"org.eclipse.debug.ui.VariableView",1428397727013
activated,view,org.eclipse.debug.ui,3.7.0.v20110518,"org.eclipse.debug.ui.DebugView",1428397731929
activated,view,org.eclipse.debug.ui,3.7.0.v20110518,"org.eclipse.debug.ui.ExpressionView",1428397733058
activated,view,org.eclipse.debug.ui,3.7.0.v20110518,"org.eclipse.debug.ui.BreakpointView",1428397733811
activated,view,org.eclipse.debug.ui,3.7.0.v20110518,"org.eclipse.debug.ui.VariableView",1428397734557
activated,view,org.eclipse.debug.ui,3.7.0.v20110518,"org.eclipse.debug.ui.BreakpointView",1428397735612
activated,view,org.eclipse.debug.ui,3.7.0.v20110518,"org.eclipse.debug.ui.ExpressionView",1428397736909
activated,view,org.eclipse.debug.ui,3.7.0.v20110518,"org.eclipse.debug.ui.VariableView",1428397737464
activated,editor,org.eclipse.jdt.ui,3.7.0.v20110531-1200,"org.eclipse.jdt.ui.CompilationUnitEditor",1428397739584
activated,view,org.eclipse.debug.ui,3.7.0.v20110518,"org.eclipse.debug.ui.DebugView",1428397747548
executed,command,org.eclipse.debug.ui,3.7.0.v20110518,"org.eclipse.debug.ui.commands.Resume",1428397747665
activated,view,org.eclipse.ui.console,3.5.100.v20110511,"org.eclipse.ui.console.ConsoleView",1428397752155
started,bundle,org.eclipse.wst.xsl.debug.ui,1.0.200.v201101281837,"org.eclipse.wst.xsl.debug.ui",1428397754029
activated,editor,org.eclipse.jdt.ui,3.7.0.v20110531-1200,"org.eclipse.jdt.ui.CompilationUnitEditor",1428397755952
executed,command,,,"AUTOGEN:::org.eclipse.jdt.debug.CompilationUnitEditor.BreakpointRulerActions/org.eclipse.jdt.debug.ui.actions.ManageBreakpointRulerAction",1428397758284
executed,command,org.eclipse.debug.ui,3.7.0.v20110518,"org.eclipse.debug.ui.commands.StepOver",1428397770396
executed,command,org.eclipse.debug.ui,3.7.0.v20110518,"org.eclipse.debug.ui.commands.StepOver",1428397771379
executed,command,org.eclipse.debug.ui,3.7.0.v20110518,"org.eclipse.debug.ui.commands.StepOver",1428397772660
activated,view,org.eclipse.debug.ui,3.7.0.v20110518,"org.eclipse.debug.ui.VariableView",1428397774514
activated,editor,org.eclipse.jdt.ui,3.7.0.v20110531-1200,"org.eclipse.jdt.ui.CompilationUnitEditor",1428397776349
executed,command,org.eclipse.debug.ui,3.7.0.v20110518,"org.eclipse.debug.ui.commands.StepOver",1428397778020
executed,command,org.eclipse.debug.ui,3.7.0.v20110518,"org.eclipse.debug.ui.commands.StepInto",1428397780300
executed,command,org.eclipse.debug.ui,3.7.0.v20110518,"org.eclipse.debug.ui.commands.StepOver",1428397783460
activated,view,org.eclipse.debug.ui,3.7.0.v20110518,"org.eclipse.debug.ui.VariableView",1428397787785
activated,editor,org.eclipse.jdt.ui,3.7.0.v20110531-1200,"org.eclipse.jdt.ui.CompilationUnitEditor",1428397802802
executed,command,org.eclipse.debug.ui,3.7.0.v20110518,"org.eclipse.debug.ui.commands.StepOver",1428397803456
executed,command,org.eclipse.debug.ui,3.7.0.v20110518,"org.eclipse.debug.ui.commands.StepOver",1428397806712
activated,view,org.eclipse.debug.ui,3.7.0.v20110518,"org.eclipse.debug.ui.VariableView",1428397813240
activated,editor,org.eclipse.jdt.ui,3.7.0.v20110531-1200,"org.eclipse.jdt.ui.CompilationUnitEditor",1428397814184
executed,command,org.eclipse.debug.ui,3.7.0.v20110518,"org.eclipse.debug.ui.commands.StepOver",1428397814409
executed,command,org.eclipse.debug.ui,3.7.0.v20110518,"org.eclipse.debug.ui.commands.StepOver",1428397815841
executed,command,org.eclipse.debug.ui,3.7.0.v20110518,"org.eclipse.debug.ui.commands.StepOver",1428397819868
deactivated,workbench,org.eclipse.ui.workbench,3.7.0.I20110519-0100,"",1428397822609
activated,workbench,org.eclipse.ui.workbench,3.7.0.I20110519-0100,"",1428397824293
activated,view,org.eclipse.debug.ui,3.7.0.v20110518,"org.eclipse.debug.ui.DebugView",1428397825924
executed,command,org.eclipse.debug.ui,3.7.0.v20110518,"org.eclipse.debug.ui.commands.Terminate",1428397826047
activated,editor,org.eclipse.jdt.ui,3.7.0.v20110531-1200,"org.eclipse.jdt.ui.CompilationUnitEditor",1428397828329
executed,command,org.eclipse.debug.ui,3.7.0.v20110518,"org.eclipse.debug.ui.commands.StepOver",1428397828532
executed,command,org.eclipse.debug.ui,3.7.0.v20110518,"org.eclipse.debug.ui.commands.StepOver",1428397828892
executed,command,org.eclipse.debug.ui,3.7.0.v20110518,"org.eclipse.debug.ui.commands.StepOver",1428397829965
executed,command,org.eclipse.debug.ui,3.7.0.v20110518,"org.eclipse.debug.ui.commands.StepOver",1428397830461
executed,command,org.eclipse.debug.ui,3.7.0.v20110518,"org.eclipse.debug.ui.commands.StepInto",1428397831108
executed,command,org.eclipse.debug.ui,3.7.0.v20110518,"org.eclipse.debug.ui.commands.StepOver",1428397832117
executed,command,org.eclipse.debug.ui,3.7.0.v20110518,"org.eclipse.debug.ui.commands.StepOver",1428397832644
executed,command,org.eclipse.debug.ui,3.7.0.v20110518,"org.eclipse.debug.ui.commands.StepOver",1428397834733
executed,command,org.eclipse.debug.ui,3.7.0.v20110518,"org.eclipse.debug.ui.commands.StepOver",1428397841148
executed,command,org.eclipse.debug.ui,3.7.0.v20110518,"org.eclipse.debug.ui.commands.StepInto",1428397845444
activated,view,org.eclipse.debug.ui,3.7.0.v20110518,"org.eclipse.debug.ui.DebugView",1428397847724
executed,command,org.eclipse.debug.ui,3.7.0.v20110518,"org.eclipse.debug.ui.commands.Terminate",1428397847798
activated,editor,org.eclipse.jdt.ui,3.7.0.v20110531-1200,"org.eclipse.jdt.ui.CompilationUnitEditor",1428397849504
executed,command,org.eclipse.ui,3.7.0.I20110602-0100,"org.eclipse.ui.file.save",1428397858357
deactivated,workbench,org.eclipse.ui.workbench,3.7.0.I20110519-0100,"",1428397867195
activated,workbench,org.eclipse.ui.workbench,3.7.0.I20110519-0100,"",1428397867994
deactivated,workbench,org.eclipse.ui.workbench,3.7.0.I20110519-0100,"",1428397868500
activated,workbench,org.eclipse.ui.workbench,3.7.0.I20110519-0100,"",1428397871355
deactivated,workbench,org.eclipse.ui.workbench,3.7.0.I20110519-0100,"",1428397874062
activated,workbench,org.eclipse.ui.workbench,3.7.0.I20110519-0100,"",1428397901799
activated,perspective,org.eclipse.jdt.ui,3.7.0.v20110531-1200,"org.eclipse.jdt.ui.JavaPerspective",1428397964761
deactivated,workbench,org.eclipse.ui.workbench,3.7.0.I20110519-0100,"",1428397964777
activated,workbench,org.eclipse.ui.workbench,3.7.0.I20110519-0100,"",1428397965273
executed,command,org.eclipse.ui,3.7.0.I20110602-0100,"org.eclipse.ui.file.save",1428397974324
executed,command,org.eclipse.ui,3.7.0.I20110602-0100,"org.eclipse.ui.file.save",1428397983848
executed,command,org.eclipse.ui,3.7.0.I20110602-0100,"org.eclipse.ui.file.save",1428397994918
executed,command,org.eclipse.ui.workbench.texteditor,3.7.0.v20110505-0800,"org.eclipse.ui.edit.text.goto.lineEnd",1428397997083
executed,command,org.eclipse.ui,3.7.0.I20110602-0100,"org.eclipse.ui.file.save",1428398001964
executed,command,,,"AUTOGEN:::org.eclipse.jdt.debug.CompilationUnitEditor.BreakpointRulerActions/org.eclipse.jdt.debug.ui.actions.ManageBreakpointRulerAction",1428398004201
deactivated,workbench,org.eclipse.ui.workbench,3.7.0.I20110519-0100,"",1428398008634
activated,perspective,org.eclipse.debug.ui,3.7.0.v20110518,"org.eclipse.debug.ui.DebugPerspective",1428398010220
activated,workbench,org.eclipse.ui.workbench,3.7.0.I20110519-0100,"",1428398010255
deactivated,workbench,org.eclipse.ui.workbench,3.7.0.I20110519-0100,"",1428398016986
activated,workbench,org.eclipse.ui.workbench,3.7.0.I20110519-0100,"",1428398021913
executed,command,org.eclipse.ui,3.7.0.I20110602-0100,"org.eclipse.ui.edit.undo",1428398027916
executed,command,org.eclipse.ui,3.7.0.I20110602-0100,"org.eclipse.ui.file.save",1428398030516
deactivated,workbench,org.eclipse.ui.workbench,3.7.0.I20110519-0100,"",1428398030657
